"time","impressions","engagements"
"1",2015-10-24 15:39:00,400,"8.0"
"2",2015-10-24 15:28:00,575,"17.0"
"3",2015-10-23 16:52:00,1646,"29.0"
"4",2015-10-23 16:45:00,1489,"46.0"
"5",2015-10-23 16:35:00,859,"9.0"
"6",2015-10-23 16:06:00,38,"1.0"
"7",2015-10-23 13:00:00,1315,"19.0"
"8",2015-10-23 09:02:00,528,"5.0"
"9",2015-10-22 14:09:00,464,"6.0"
"10",2015-10-22 13:50:00,603,"14.0"
"11",2015-10-22 13:28:00,1834,"14.0"
"12",2015-10-22 12:54:00,435,"4.0"
"13",2015-10-22 11:50:00,85,"0.0"
"14",2015-10-22 09:50:00,312,"3.0"
"15",2015-10-22 09:46:00,460,"12.0"
"16",2015-10-22 09:35:00,588,"18.0"
"17",2015-10-22 09:15:00,385,"5.0"
"18",2015-10-22 09:11:00,129,"2.0"
"19",2015-10-22 08:44:00,760,"66.0"
"20",2015-10-21 17:44:00,488,"15.0"
"21",2015-10-21 16:55:00,464,"8.0"
"22",2015-10-21 16:23:00,396,"20.0"
"23",2015-10-21 16:22:00,427,"3.0"
"24",2015-10-21 14:25:00,713,"79.0"
"25",2015-10-21 14:19:00,462,"3.0"
"26",2015-10-21 14:07:00,621,"8.0"
"27",2015-10-21 13:59:00,551,"26.0"
"28",2015-10-21 12:53:00,3000,"116.0"
"29",2015-10-21 12:18:00,721,"16.0"
"30",2015-10-21 11:49:00,1297,"53.0"
"31",2015-10-21 07:08:00,1486,"61.0"
"32",2015-10-20 16:42:00,417,"3.0"
"33",2015-10-20 15:32:00,1647,"25.0"
"34",2015-10-20 13:47:00,470,"4.0"
"35",2015-10-20 12:32:00,949,"22.0"
"36",2015-10-20 12:18:00,486,"9.0"
"37",2015-10-20 06:17:00,478,"3.0"
"38",2015-10-19 16:57:00,406,"4.0"
"39",2015-10-19 16:44:00,767,"8.0"
"40",2015-10-19 16:32:00,457,"7.0"
"41",2015-10-18 14:47:00,509,"18.0"
"42",2015-10-18 14:47:00,741,"7.0"
"43",2015-10-18 14:47:00,445,"2.0"
"44",2015-10-18 14:47:00,1430,"17.0"
"45",2015-10-18 14:46:00,429,"2.0"
"46",2015-10-18 14:46:00,419,"5.0"
"47",2015-10-18 08:40:00,564,"28.0"
"48",2015-10-18 08:40:00,452,"10.0"
"49",2015-10-18 08:39:00,515,"12.0"
"50",2015-10-18 08:39:00,447,"7.0"
"51",2015-10-18 08:38:00,540,"14.0"
"52",2015-10-18 08:38:00,421,"3.0"
"53",2015-10-18 08:37:00,400,"2.0"
"54",2015-10-17 14:43:00,499,"9.0"
"55",2015-10-17 14:42:00,417,"3.0"
"56",2015-10-17 14:41:00,424,"2.0"
"57",2015-10-17 14:41:00,401,"10.0"
"58",2015-10-17 06:27:00,441,"3.0"
"59",2015-10-17 06:20:00,446,"12.0"
"60",2015-10-17 06:20:00,371,"6.0"
"61",2015-10-17 06:19:00,368,"1.0"
"62",2015-10-17 06:18:00,394,"9.0"
"63",2015-10-17 06:17:00,737,"19.0"
"64",2015-10-17 06:10:00,793,"7.0"
"65",2015-10-16 13:21:00,443,"17.0"
"66",2015-10-16 13:18:00,395,"5.0"
"67",2015-10-16 13:18:00,433,"3.0"
"68",2015-10-16 13:17:00,375,"5.0"
"69",2015-10-16 12:44:00,484,"17.0"
"70",2015-10-16 09:53:00,555,"23.0"
"71",2015-10-16 09:52:00,389,"4.0"
"72",2015-10-16 09:50:00,482,"7.0"
"73",2015-10-16 09:49:00,384,"2.0"
"74",2015-10-16 09:47:00,74,"2.0"
"75",2015-10-16 09:33:00,657,"7.0"
"76",2015-10-16 09:20:00,1488,"25.0"
"77",2015-10-16 05:29:00,760,"14.0"
"78",2015-10-16 05:29:00,616,"6.0"
"79",2015-10-16 05:29:00,441,"5.0"
"80",2015-10-16 05:28:00,411,"11.0"
"81",2015-10-15 14:11:00,459,"6.0"
"82",2015-10-15 14:07:00,654,"5.0"
"83",2015-10-15 13:10:00,388,"2.0"
"84",2015-10-15 13:08:00,457,"4.0"
"85",2015-10-15 12:50:00,610,"31.0"
"86",2015-10-15 12:14:00,426,"1.0"
"87",2015-10-15 09:45:00,1426,"17.0"
"88",2015-10-15 08:31:00,507,"10.0"
"89",2015-10-15 08:29:00,393,"2.0"
"90",2015-10-15 08:28:00,395,"4.0"
"91",2015-10-15 08:25:00,409,"2.0"
"92",2015-10-15 08:22:00,385,"1.0"
"93",2015-10-14 16:17:00,408,"4.0"
"94",2015-10-14 15:54:00,492,"20.0"
"95",2015-10-14 14:27:00,459,"1.0"
"96",2015-10-14 14:18:00,425,"3.0"
"97",2015-10-14 14:11:00,413,"4.0"
"98",2015-10-14 14:00:00,685,"10.0"
"99",2015-10-14 13:53:00,504,"8.0"
"100",2015-10-14 13:37:00,443,"7.0"
"101",2015-10-14 13:22:00,1377,"35.0"
"102",2015-10-14 13:13:00,433,"5.0"
"103",2015-10-14 08:32:00,3724,"111.0"
"104",2015-10-14 07:45:00,459,"8.0"
"105",2015-10-13 17:08:00,623,"19.0"
"106",2015-10-13 16:47:00,425,"13.0"
"107",2015-10-12 17:06:00,478,"6.0"
"108",2015-10-12 14:48:00,712,"22.0"
"109",2015-10-12 12:42:00,548,"4.0"
"110",2015-10-12 10:46:00,547,"36.0"
"111",2015-10-09 13:56:00,520,"15.0"
"112",2015-10-09 13:53:00,543,"9.0"
"113",2015-10-09 09:55:00,497,"8.0"
"114",2015-10-08 15:49:00,950,"29.0"
"115",2015-10-08 13:00:00,1174,"18.0"
"116",2015-10-08 11:59:00,1828,"37.0"
"117",2015-10-07 15:51:00,790,"16.0"
"118",2015-10-07 11:08:00,651,"9.0"
"119",2015-10-07 09:53:00,1801,"16.0"
"120",2015-10-07 09:50:00,455,"0.0"
"121",2015-10-07 09:26:00,598,"10.0"
"122",2015-10-07 09:00:00,493,"3.0"
"123",2015-10-06 16:31:00,1862,"23.0"
"124",2015-10-06 14:25:00,1973,"8.0"
"125",2015-10-06 14:04:00,2171,"40.0"
"126",2015-10-06 12:42:00,483,"6.0"
"127",2015-10-06 12:23:00,517,"4.0"
"128",2015-10-06 12:12:00,445,"0.0"
"129",2015-10-06 10:49:00,1815,"9.0"
"130",2015-10-06 09:53:00,467,"2.0"
"131",2015-10-06 09:49:00,396,"0.0"
"132",2015-10-06 09:03:00,558,"11.0"
"133",2015-10-06 07:24:00,432,"1.0"
"134",2015-10-05 17:02:00,617,"22.0"
"135",2015-10-05 14:21:00,429,"0.0"
"136",2015-10-05 14:21:00,733,"6.0"
"137",2015-10-05 14:20:00,434,"5.0"
"138",2015-10-05 14:19:00,501,"10.0"
"139",2015-10-05 14:17:00,389,"5.0"
"140",2015-10-05 13:31:00,456,"10.0"
"141",2015-10-05 12:33:00,476,"8.0"
"142",2015-10-05 09:51:00,473,"3.0"
"143",2015-10-05 09:38:00,2766,"37.0"
"144",2015-10-05 09:25:00,439,"5.0"
"145",2015-10-04 20:00:00,637,"8.0"
"146",2015-10-04 20:00:00,536,"1.0"
"147",2015-10-04 20:00:00,516,"4.0"
"148",2015-10-04 13:00:00,552,"5.0"
"149",2015-10-04 13:00:00,552,"7.0"
"150",2015-10-04 13:00:00,460,"1.0"
"151",2015-10-04 07:00:00,495,"8.0"
"152",2015-10-03 20:00:00,543,"2.0"
"153",2015-10-03 13:00:00,629,"2.0"
"154",2015-10-03 13:00:00,438,"0.0"
"155",2015-10-03 13:00:00,425,"2.0"
"156",2015-10-03 08:00:00,717,"12.0"
"157",2015-10-03 08:00:00,479,"4.0"
"158",2015-10-03 07:00:00,451,"1.0"
"159",2015-10-03 07:00:00,521,"1.0"
"160",2015-10-03 07:00:00,432,"1.0"
"161",2015-10-02 22:58:00,446,"19.0"
"162",2015-10-02 20:00:00,432,"3.0"
"163",2015-10-02 20:00:00,417,"4.0"
"164",2015-10-02 20:00:00,414,"5.0"
"165",2015-10-02 14:32:00,562,"9.0"
"166",2015-10-02 14:31:00,1793,"18.0"
"167",2015-10-02 14:31:00,567,"6.0"
"168",2015-10-02 14:30:00,355,"7.0"
"169",2015-10-02 14:29:00,342,"15.0"
"170",2015-10-02 14:28:00,407,"6.0"
"171",2015-10-02 12:24:00,1546,"37.0"
"172",2015-10-01 16:33:00,478,"8.0"
"173",2015-10-01 16:23:00,515,"8.0"
"174",2015-10-01 15:48:00,459,"10.0"
"175",2015-10-01 13:40:00,536,"11.0"
"176",2015-10-01 09:18:00,499,"5.0"
"178",2015-08-24 10:32:00,383,"6"
"179",2015-08-24 10:30:00,278,"4"
"180",2015-08-24 10:29:00,452,"6"
"181",2015-08-24 05:44:00,352,"8"
"182",2015-08-24 05:42:00,339,"4"
"183",2015-08-24 05:41:00,330,"3"
"184",2015-08-24 05:40:00,299,"3"
"185",2015-08-24 05:39:00,297,"5"
"186",2015-08-21 14:46:00,376,"6"
"187",2015-08-21 09:49:00,488,"8"
"188",2015-08-21 09:42:00,453,"4"
"189",2015-08-21 09:40:00,430,"3"
"190",2015-08-21 09:34:00,399,"1"
"191",2015-08-21 09:32:00,438,"7"
"192",2015-08-21 09:13:00,936,"11"
"193",2015-08-21 06:27:00,528,"5"
"194",2015-08-21 05:26:00,527,"12"
"195",2015-08-21 05:25:00,390,"2"
"196",2015-08-21 05:24:00,684,"19"
"197",2015-08-21 05:23:00,546,"8"
"198",2015-08-21 05:21:00,422,"13"
"199",2015-08-20 13:37:00,537,"4"
"200",2015-08-20 12:23:00,967,"18"
"201",2015-08-20 12:13:00,761,"11"
"202",2015-08-20 10:19:00,674,"9"
"203",2015-08-20 10:17:00,483,"10"
"204",2015-08-20 10:16:00,498,"2"
"205",2015-08-20 10:16:00,423,"3"
"206",2015-08-20 10:14:00,477,"11"
"207",2015-08-20 09:50:00,593,"2"
"208",2015-08-20 08:13:00,529,"4"
"209",2015-08-20 07:29:00,556,"11"
"210",2015-08-20 07:24:00,413,"6"
"211",2015-08-20 07:22:00,443,"3"
"212",2015-08-20 07:21:00,722,"28"
"213",2015-08-20 05:07:00,451,"15"
"214",2015-08-20 05:04:00,1102,"34"
"215",2015-08-20 05:03:00,423,"2"
"216",2015-08-20 05:01:00,407,"10"
"217",2015-08-19 17:12:00,420,"3"
"218",2015-08-19 16:35:00,811,"9"
"219",2015-08-19 16:24:00,506,"9"
"220",2015-08-19 15:28:00,471,"9"
"221",2015-08-19 15:27:00,479,"4"
"222",2015-08-19 15:22:00,666,"27"
"223",2015-08-19 12:24:00,558,"13"
"224",2015-08-19 11:08:00,508,"3"
"225",2015-08-19 11:04:00,514,"7"
"226",2015-08-19 11:02:00,471,"8"
"227",2015-08-19 11:01:00,439,"3"
"228",2015-08-19 10:58:00,36,"1"
"229",2015-08-19 10:56:00,396,"12"
"230",2015-08-19 08:23:00,967,"30"
"231",2015-08-19 08:08:00,554,"11"
"232",2015-08-19 05:36:00,649,"13"
"233",2015-08-19 05:33:00,824,"24"
"234",2015-08-19 05:31:00,447,"6"
"235",2015-08-19 05:30:00,26,"1"
"236",2015-08-19 05:28:00,552,"9"
"237",2015-08-18 16:27:00,31,"2"
"238",2015-08-18 14:25:00,441,"2"
"239",2015-08-18 14:15:00,432,"4"
"240",2015-08-18 14:11:00,392,"4"
"241",2015-08-18 13:51:00,512,"24"
"242",2015-08-18 11:41:00,847,"26"
"243",2015-08-18 11:31:00,509,"6"
"244",2015-08-18 11:29:00,502,"3"
"245",2015-08-18 11:28:00,738,"13"
"246",2015-08-18 11:26:00,647,"9"
"247",2015-08-18 11:25:00,775,"20"
"248",2015-08-18 11:18:00,438,"5"
"249",2015-08-18 10:19:00,447,"3"
"250",2015-08-18 10:17:00,438,"0"
"251",2015-08-18 08:13:00,493,"9"
"252",2015-08-18 07:55:00,625,"12"
"253",2015-08-18 07:45:00,1544,"30"
"254",2015-08-18 06:16:00,3223,"95"
"255",2015-08-18 05:43:00,432,"6"
"256",2015-08-18 05:42:00,394,"4"
"257",2015-08-18 05:40:00,507,"15"
"258",2015-08-18 05:39:00,405,"11"
"259",2015-08-17 14:56:00,433,"6"
"260",2015-08-17 14:07:00,520,"6"
"261",2015-08-17 14:04:00,763,"9"
"262",2015-08-17 14:03:00,519,"19"
"263",2015-08-17 13:32:00,486,"3"
"264",2015-08-17 13:19:00,451,"3"
"265",2015-08-17 07:45:00,493,"9"
"266",2015-08-16 14:19:00,481,"21"
"267",2015-08-16 14:19:00,429,"5"
"268",2015-08-16 14:18:00,530,"27"
"269",2015-08-16 14:17:00,929,"26"
"270",2015-08-15 06:57:00,509,"8"
"271",2015-08-15 06:56:00,497,"22"
"272",2015-08-15 06:56:00,496,"13"
"273",2015-08-15 06:55:00,595,"29"
"274",2015-08-14 13:55:00,480,"5"
"275",2015-08-14 13:55:00,480,"12"
"276",2015-08-14 13:41:00,536,"2"
"277",2015-08-14 13:40:00,616,"17"
"278",2015-08-14 13:36:00,419,"6"
"279",2015-08-14 13:35:00,523,"9"
"280",2015-08-14 13:19:00,384,"4"
"281",2015-08-14 13:18:00,452,"13"
"282",2015-08-14 06:04:00,79,"1"
"283",2015-08-13 16:19:00,419,"4"
"284",2015-08-13 13:51:00,581,"6"
"285",2015-08-13 13:47:00,414,"0"
"286",2015-08-13 13:15:00,714,"44"
"287",2015-08-13 12:48:00,43,"0"
"288",2015-08-13 12:47:00,498,"10"
"289",2015-08-13 09:09:00,53,"1"
"290",2015-08-13 09:03:00,50,"1"
"291",2015-08-13 08:46:00,457,"12"
"292",2015-08-13 08:37:00,891,"9"
"293",2015-08-12 19:09:00,539,"7"
"294",2015-08-12 14:24:00,578,"6"
"295",2015-08-12 14:10:00,740,"19"
"296",2015-08-12 12:22:00,841,"18"
"297",2015-08-12 11:10:00,509,"3"
"298",2015-08-12 08:36:00,544,"28"
"299",2015-08-12 07:14:00,455,"1"
"300",2015-08-12 06:27:00,2742,"22"
"301",2015-08-11 14:13:00,488,"16"
"302",2015-08-11 13:48:00,484,"11"
"303",2015-08-11 09:23:00,513,"7"
"304",2015-08-11 07:01:00,531,"15"
"305",2015-08-11 06:54:00,533,"21"
"306",2015-08-10 13:38:00,485,"4"
"307",2015-08-10 09:48:00,490,"2"
"308",2015-08-07 12:51:00,749,"17"
"309",2015-08-07 12:31:00,654,"24"
"310",2015-08-06 15:23:00,461,"5"
"311",2015-08-06 13:28:00,675,"0"
"312",2015-08-05 09:49:00,569,"6"
"313",2015-08-05 09:24:00,957,"21"
"314",2015-08-05 08:12:00,1084,"24"
"315",2015-08-04 16:21:00,445,"7"
"316",2015-08-04 13:32:00,1082,"15"
"317",2015-08-04 12:31:00,1377,"27"
"318",2015-08-04 10:08:00,495,"2"
"319",2015-08-04 08:33:00,599,"27"
"320",2015-08-04 07:38:00,1040,"14"
"321",2015-08-03 14:58:00,1559,"16"
"322",2015-08-03 12:21:00,635,"38"
"324",2015-12-30 15:16:00,538,"11.0"
"325",2015-12-30 13:35:00,2337,"68.0"
"326",2015-12-29 19:37:00,530,"3.0"
"327",2015-12-29 18:54:00,681,"5.0"
"328",2015-12-29 10:30:00,2013,"31.0"
"329",2015-12-28 14:46:00,1148,"24.0"
"330",2015-12-28 14:15:00,473,"0.0"
"331",2015-12-28 13:50:00,482,"6.0"
"332",2015-12-28 13:44:00,2475,"23.0"
"333",2015-12-27 08:28:00,612,"11.0"
"334",2015-12-27 08:25:00,647,"10.0"
"335",2015-12-25 10:30:00,557,"13.0"
"336",2015-12-25 09:00:00,543,"8.0"
"337",2015-12-24 14:16:00,560,"20.0"
"338",2015-12-24 12:21:00,529,"6.0"
"339",2015-12-23 17:00:00,837,"24.0"
"340",2015-12-23 16:30:00,464,"2.0"
"341",2015-12-23 16:00:00,738,"18.0"
"342",2015-12-23 12:20:00,526,"4.0"
"343",2015-12-23 12:06:00,574,"3.0"
"344",2015-12-22 16:06:00,515,"1.0"
"345",2015-12-22 12:55:00,545,"7.0"
"346",2015-12-22 12:51:00,557,"7.0"
"347",2015-12-22 08:46:00,649,"27.0"
"348",2015-12-22 08:43:00,608,"10.0"
"349",2015-12-21 16:07:00,506,"15.0"
"350",2015-12-21 15:28:00,465,"4.0"
"351",2015-12-21 15:28:00,472,"4.0"
"352",2015-12-21 15:27:00,433,"6.0"
"353",2015-12-21 15:27:00,460,"4.0"
"354",2015-12-21 14:53:00,487,"9.0"
"355",2015-12-21 14:52:00,763,"12.0"
"356",2015-12-21 12:09:00,495,"2.0"
"357",2015-12-21 11:52:00,451,"2.0"
"358",2015-12-20 21:05:00,57,"12.0"
"359",2015-12-20 19:15:00,730,"33.0"
"360",2015-12-20 19:10:00,765,"9.0"
"361",2015-12-20 19:09:00,589,"2.0"
"362",2015-12-20 14:49:00,712,"21.0"
"363",2015-12-20 14:31:00,541,"3.0"
"364",2015-12-20 14:29:00,487,"1.0"
"365",2015-12-20 12:34:00,516,"6.0"
"366",2015-12-20 10:05:00,576,"8.0"
"367",2015-12-20 07:49:00,522,"18.0"
"368",2015-12-19 15:56:00,496,"14.0"
"369",2015-12-19 15:55:00,494,"3.0"
"370",2015-12-19 15:54:00,5717,"151.0"
"371",2015-12-19 15:53:00,2350,"31.0"
"372",2015-12-19 14:24:00,401,"3.0"
"373",2015-12-19 14:12:00,395,"0.0"
"374",2015-12-19 13:01:00,36,"2.0"
"375",2015-12-19 12:59:00,401,"7.0"
"376",2015-12-19 08:45:00,723,"25.0"
"377",2015-12-19 08:44:00,468,"3.0"
"378",2015-12-19 07:12:00,488,"13.0"
"379",2015-12-19 07:10:00,720,"13.0"
"380",2015-12-19 07:09:00,426,"3.0"
"381",2015-12-19 07:07:00,813,"22.0"
"382",2015-12-19 07:05:00,408,"6.0"
"383",2015-12-19 07:04:00,707,"17.0"
"384",2015-12-19 07:03:00,407,"5.0"
"385",2015-12-18 20:43:00,502,"5.0"
"386",2015-12-18 20:29:00,509,"7.0"
"387",2015-12-18 18:44:00,499,"14.0"
"388",2015-12-18 18:42:00,429,"2.0"
"389",2015-12-18 18:40:00,620,"7.0"
"390",2015-12-18 18:39:00,402,"5.0"
"391",2015-12-18 18:38:00,405,"1.0"
"392",2015-12-18 14:57:00,657,"31.0"
"393",2015-12-18 14:39:00,294,"0.0"
"394",2015-12-18 14:26:00,372,"4.0"
"395",2015-12-18 14:12:00,369,"7.0"
"396",2015-12-18 14:07:00,365,"2.0"
"397",2015-12-18 13:37:00,393,"8.0"
"398",2015-12-18 13:16:00,377,"3.0"
"399",2015-12-18 12:07:00,407,"3.0"
"400",2015-12-18 12:04:00,417,"8.0"
"401",2015-12-18 12:02:00,408,"3.0"
"402",2015-12-18 11:58:00,414,"7.0"
"403",2015-12-18 10:26:00,425,"4.0"
"404",2015-12-18 09:53:00,1255,"19.0"
"405",2015-12-18 09:34:00,408,"6.0"
"406",2015-12-18 09:33:00,424,"4.0"
"407",2015-12-18 09:32:00,431,"6.0"
"408",2015-12-18 08:31:00,439,"12.0"
"409",2015-12-17 16:02:00,511,"8.0"
"410",2015-12-17 15:44:00,455,"6.0"
"411",2015-12-17 15:37:00,437,"0.0"
"412",2015-12-17 15:19:00,441,"2.0"
"413",2015-12-17 14:07:00,469,"2.0"
"414",2015-12-17 11:06:00,598,"8.0"
"415",2015-12-16 15:53:00,492,"4.0"
"416",2015-12-16 15:38:00,485,"1.0"
"417",2015-12-16 15:35:00,462,"3.0"
"418",2015-12-16 15:20:00,559,"7.0"
"419",2015-12-16 15:11:00,457,"6.0"
"420",2015-12-16 08:41:00,608,"5.0"
"421",2015-12-15 16:00:00,657,"4.0"
"422",2015-12-15 15:07:00,637,"1.0"
"423",2015-12-15 15:06:00,771,"7.0"
"424",2015-12-15 13:55:00,421,"1.0"
"425",2015-12-15 12:25:00,2361,"27.0"
"426",2015-12-15 10:51:00,488,"2.0"
"427",2015-12-15 10:50:00,618,"8.0"
"428",2015-12-15 09:56:00,761,"10.0"
"429",2015-12-15 09:56:00,468,"6.0"
"430",2015-12-15 09:55:00,483,"6.0"
"431",2015-12-14 15:36:00,481,"3.0"
"432",2015-12-14 15:31:00,438,"5.0"
"433",2015-12-14 14:07:00,467,"4.0"
"434",2015-12-14 09:32:00,504,"13.0"
"435",2015-12-13 11:15:00,442,"13.0"
"436",2015-12-13 11:07:00,452,"5.0"
"437",2015-12-12 11:13:00,399,"8.0"
"438",2015-12-12 11:05:00,395,"6.0"
"439",2015-12-11 13:07:00,582,"8.0"
"440",2015-12-11 13:06:00,635,"6.0"
"441",2015-12-11 11:04:00,482,"4.0"
"442",2015-12-11 11:00:00,428,"4.0"
"443",2015-12-10 16:30:00,621,"14.0"
"444",2015-12-10 10:54:00,512,"2.0"
"445",2015-12-10 10:51:00,441,"3.0"
"446",2015-12-09 16:08:00,879,"2.0"
"447",2015-12-09 11:07:00,493,"2.0"
"448",2015-12-09 11:05:00,502,"2.0"
"449",2015-12-08 12:41:00,1998,"11.0"
"450",2015-12-08 10:32:00,652,"0.0"
"451",2015-12-08 10:27:00,481,"3.0"
"452",2015-12-08 07:39:00,471,"2.0"
"453",2015-12-07 15:42:00,584,"4.0"
"454",2015-12-07 15:30:00,2101,"4.0"
"455",2015-12-07 11:00:00,549,"2.0"
"456",2015-12-07 10:58:00,651,"9.0"
"457",2015-12-07 10:32:00,704,"9.0"
"458",2015-12-07 09:33:00,550,"3.0"
"459",2015-12-07 08:13:00,602,"2.0"
"460",2015-12-06 11:01:00,595,"10.0"
"461",2015-12-06 11:00:00,797,"33.0"
"462",2015-12-05 11:01:00,564,"12.0"
"463",2015-12-05 11:00:00,511,"8.0"
"464",2015-12-05 07:57:00,598,"10.0"
"465",2015-12-05 07:39:00,1338,"22.0"
"466",2015-12-05 07:38:00,588,"6.0"
"467",2015-12-05 07:37:00,530,"6.0"
"468",2015-12-05 07:34:00,523,"4.0"
"469",2015-12-04 14:02:00,572,"2.0"
"470",2015-12-04 12:38:00,722,"6.0"
"471",2015-12-04 10:31:00,568,"3.0"
"472",2015-12-04 10:29:00,520,"2.0"
"473",2015-12-03 16:37:00,695,"14.0"
"474",2015-12-03 13:21:00,483,"0.0"
"475",2015-12-03 13:04:00,2101,"18.0"
"476",2015-12-03 12:48:00,535,"2.0"
"477",2015-12-03 12:21:00,790,"20.0"
"478",2015-12-03 10:28:00,524,"0.0"
"479",2015-12-03 08:22:00,560,"10.0"
"480",2015-12-03 07:49:00,573,"2.0"
"481",2015-12-03 07:47:00,116,"0.0"
"482",2015-12-02 21:17:00,700,"8.0"
"483",2015-12-02 14:21:00,1983,"21.0"
"484",2015-12-02 14:01:00,652,"5.0"
"485",2015-12-02 12:58:00,673,"10.0"
"486",2015-12-02 12:57:00,514,"2.0"
"487",2015-12-02 12:44:00,917,"7.0"
"488",2015-12-02 11:00:00,556,"4.0"
"489",2015-12-02 10:20:00,590,"2.0"
"490",2015-12-02 09:57:00,488,"0.0"
"491",2015-12-02 09:57:00,539,"14.0"
"492",2015-12-02 07:57:00,888,"29.0"
"493",2015-12-01 14:43:00,605,"10.0"
"494",2015-12-01 14:41:00,521,"9.0"
"495",2015-12-01 09:37:00,2429,"19.0"
"496",2015-12-01 09:14:00,1853,"31.0"
"498",2015-11-30 20:38:00,514,"7.0"
"499",2015-11-30 20:36:00,526,"2.0"
"500",2015-11-30 20:14:00,605,"13.0"
"501",2015-11-30 20:09:00,458,"3.0"
"502",2015-11-30 20:08:00,564,"17.0"
"503",2015-11-30 14:02:00,443,"15.0"
"504",2015-11-30 13:17:00,486,"3.0"
"505",2015-11-30 13:09:00,504,"5.0"
"506",2015-11-30 12:56:00,1829,"23.0"
"507",2015-11-30 12:40:00,592,"28.0"
"508",2015-11-28 08:18:00,619,"16.0"
"509",2015-11-27 15:08:00,513,"10.0"
"510",2015-11-27 14:36:00,7970,"104.0"
"511",2015-11-27 11:37:00,784,"17.0"
"512",2015-11-27 11:18:00,659,"12.0"
"513",2015-11-27 10:50:00,2318,"30.0"
"514",2015-11-27 10:32:00,738,"17.0"
"515",2015-11-27 09:10:00,701,"13.0"
"516",2015-11-27 08:45:00,550,"4.0"
"517",2015-11-27 07:11:00,1641,"7.0"
"518",2015-11-27 07:10:00,2127,"36.0"
"519",2015-11-27 07:09:00,511,"4.0"
"520",2015-11-26 18:05:00,571,"5.0"
"521",2015-11-26 18:03:00,829,"9.0"
"522",2015-11-26 18:03:00,553,"4.0"
"523",2015-11-26 18:02:00,899,"11.0"
"524",2015-11-26 18:01:00,514,"6.0"
"525",2015-11-26 14:41:00,977,"10.0"
"526",2015-11-26 14:40:00,686,"3.0"
"527",2015-11-26 14:39:00,527,"3.0"
"528",2015-11-26 14:38:00,669,"5.0"
"529",2015-11-26 14:37:00,535,"10.0"
"530",2015-11-26 14:33:00,725,"12.0"
"531",2015-11-26 12:51:00,485,"3.0"
"532",2015-11-26 11:31:00,492,"3.0"
"533",2015-11-26 11:24:00,476,"2.0"
"534",2015-11-26 11:13:00,519,"3.0"
"535",2015-11-26 10:57:00,560,"5.0"
"536",2015-11-26 09:45:00,589,"7.0"
"537",2015-11-26 09:32:00,1950,"32.0"
"538",2015-11-26 09:17:00,500,"9.0"
"539",2015-11-25 13:41:00,568,"19.0"
"540",2015-11-24 14:42:00,496,"5.0"
"541",2015-11-24 10:31:00,485,"8.0"
"542",2015-11-22 13:17:00,801,"20.0"
"543",2015-11-22 12:57:00,634,"8.0"
"544",2015-11-22 12:40:00,675,"8.0"
"545",2015-11-20 14:44:00,740,"6.0"
"546",2015-11-20 11:54:00,996,"46.0"
"547",2015-11-19 18:23:00,682,"1.0"
"548",2015-11-19 18:22:00,603,"2.0"
"549",2015-11-19 18:09:00,596,"24.0"
"550",2015-11-19 18:05:00,752,"19.0"
"551",2015-11-19 16:30:00,541,"1.0"
"552",2015-11-19 12:19:00,611,"16.0"
"553",2015-11-19 10:42:00,1403,"23.0"
"554",2015-11-18 17:28:00,2126,"47.0"
"555",2015-11-18 16:42:00,569,"2.0"
"556",2015-11-18 14:30:00,632,"18.0"
"557",2015-11-18 13:23:00,790,"25.0"
"558",2015-11-18 12:20:00,660,"14.0"
"559",2015-11-17 19:36:00,704,"26.0"
"560",2015-11-17 19:23:00,690,"6.0"
"561",2015-11-17 19:15:00,676,"8.0"
"562",2015-11-17 12:43:00,773,"7.0"
"563",2015-11-17 12:02:00,2074,"23.0"
"564",2015-11-16 18:25:00,591,"12.0"
"565",2015-11-16 18:23:00,752,"15.0"
"566",2015-11-16 14:10:00,539,"11.0"
"567",2015-11-16 13:47:00,764,"18.0"
"568",2015-11-16 13:46:00,551,"2.0"
"569",2015-11-16 13:39:00,559,"13.0"
"570",2015-11-16 13:30:00,836,"22.0"
"571",2015-11-15 12:54:00,718,"9.0"
"572",2015-11-15 12:13:00,866,"18.0"
"573",2015-11-15 11:59:00,736,"13.0"
"574",2015-11-15 11:40:00,842,"11.0"
"575",2015-11-15 11:32:00,676,"21.0"
"576",2015-11-13 12:37:00,679,"12.0"
"577",2015-11-13 11:10:00,635,"13.0"
"578",2015-11-13 10:30:00,572,"6.0"
"579",2015-11-13 10:04:00,1665,"19.0"
"580",2015-11-13 10:00:00,544,"1.0"
"581",2015-11-13 09:45:00,595,"18.0"
"582",2015-11-13 09:42:00,653,"7.0"
"583",2015-11-13 09:16:00,703,"11.0"
"584",2015-11-12 14:55:00,713,"14.0"
"585",2015-11-12 13:58:00,588,"7.0"
"586",2015-11-12 12:47:00,603,"5.0"
"587",2015-11-12 12:46:00,543,"5.0"
"588",2015-11-12 12:08:00,734,"6.0"
"589",2015-11-12 09:26:00,678,"8.0"
"590",2015-11-11 14:48:00,651,"1.0"
"591",2015-11-11 11:17:00,1256,"14.0"
"592",2015-11-10 14:59:00,1061,"10.0"
"593",2015-11-10 10:53:00,1711,"33.0"
"594",2015-11-10 10:17:00,572,"4.0"
"595",2015-11-09 11:55:00,683,"4.0"
"596",2015-11-09 11:00:00,555,"4.0"
"597",2015-11-06 15:05:00,663,"5.0"
"598",2015-11-06 15:04:00,618,"5.0"
"599",2015-11-06 15:02:00,570,"5.0"
"600",2015-11-06 09:42:00,1999,"11.0"
"601",2015-11-05 14:50:00,850,"5.0"
"602",2015-11-05 14:48:00,632,"2.0"
"603",2015-11-05 13:50:00,1783,"28.0"
"604",2015-11-05 12:38:00,1811,"18.0"
"605",2015-11-05 07:01:00,81,"2.0"
"606",2015-11-04 18:34:00,952,"9.0"
"607",2015-11-04 15:31:00,665,"2.0"
"608",2015-11-04 10:39:00,645,"8.0"
"609",2015-11-03 15:09:00,1229,"39.0"
"610",2015-11-03 14:12:00,649,"5.0"
"611",2015-11-03 11:14:00,702,"4.0"
"612",2015-11-02 23:30:00,1017,"24.0"
"613",2015-11-02 14:53:00,881,"10.0"
"614",2015-11-02 12:03:00,777,"9.0"
"616",2015-10-28 22:19:00,382,"7.0"
"617",2015-10-28 22:17:00,342,"10.0"
"618",2015-10-28 20:42:00,2295,"136.0"
"619",2015-10-28 15:40:00,431,"1.0"
"620",2015-10-28 08:29:00,787,"16.0"
"621",2015-10-28 08:28:00,503,"11.0"
"622",2015-10-27 15:29:00,462,"3.0"
"623",2015-10-27 14:18:00,574,"13.0"
"624",2015-10-27 13:25:00,419,"2.0"
"625",2015-10-27 13:10:00,561,"11.0"
"626",2015-10-27 10:30:00,471,"3.0"
"627",2015-10-27 10:14:00,4907,"16.0"
"628",2015-10-27 10:00:00,501,"6.0"
"629",2015-10-26 21:36:00,481,"7.0"
"630",2015-10-26 15:00:00,504,"4.0"
"631",2015-10-26 14:54:00,695,"10.0"
"632",2015-10-26 10:28:00,63,"2.0"
"633",2015-10-24 15:39:00,615,"10.0"
"634",2015-10-24 15:28:00,791,"21.0"
"635",2015-10-23 16:52:00,1780,"30.0"
"636",2015-10-23 16:45:00,1675,"48.0"
"637",2015-10-23 16:35:00,989,"10.0"
"638",2015-10-23 16:06:00,51,"1.0"
"639",2015-10-23 13:00:00,1446,"19.0"
"640",2015-10-23 09:02:00,628,"5.0"
"641",2015-10-22 14:09:00,556,"6.0"
"642",2015-10-22 13:50:00,741,"18.0"
"643",2015-10-22 13:28:00,1958,"14.0"
"644",2015-10-22 12:54:00,508,"4.0"
"645",2015-10-22 11:50:00,107,"0.0"
"646",2015-10-22 09:50:00,320,"3.0"
"647",2015-10-22 09:46:00,534,"15.0"
"648",2015-10-22 09:35:00,655,"18.0"
"649",2015-10-22 09:15:00,395,"5.0"
"650",2015-10-22 09:11:00,144,"2.0"
"651",2015-10-22 08:44:00,813,"66.0"
"652",2015-10-21 17:44:00,551,"15.0"
"653",2015-10-21 16:55:00,493,"8.0"
"654",2015-10-21 16:23:00,409,"20.0"
"655",2015-10-21 16:22:00,440,"3.0"
"656",2015-10-21 14:25:00,729,"79.0"
"657",2015-10-21 14:19:00,473,"3.0"
"658",2015-10-21 14:07:00,633,"8.0"
"659",2015-10-21 13:59:00,563,"26.0"
"660",2015-10-21 12:53:00,3113,"117.0"
"661",2015-10-21 12:18:00,746,"16.0"
"662",2015-10-21 11:49:00,1354,"54.0"
"663",2015-10-21 07:08:00,1558,"61.0"
"664",2015-10-20 16:42:00,428,"3.0"
"665",2015-10-20 15:32:00,1671,"25.0"
"666",2015-10-20 13:47:00,479,"4.0"
"667",2015-10-20 12:32:00,998,"23.0"
"668",2015-10-20 12:18:00,627,"11.0"
"669",2015-10-20 06:17:00,490,"3.0"
"670",2015-10-19 16:57:00,411,"4.0"
"671",2015-10-19 16:44:00,787,"8.0"
"672",2015-10-19 16:32:00,475,"7.0"
"673",2015-10-18 14:47:00,528,"22.0"
"674",2015-10-18 14:47:00,745,"7.0"
"675",2015-10-18 14:47:00,449,"2.0"
"676",2015-10-18 14:47:00,1493,"17.0"
"677",2015-10-18 14:46:00,435,"2.0"
"678",2015-10-18 14:46:00,422,"5.0"
"679",2015-10-18 08:40:00,576,"28.0"
"680",2015-10-18 08:40:00,458,"10.0"
"681",2015-10-18 08:39:00,522,"12.0"
"682",2015-10-18 08:39:00,453,"7.0"
"683",2015-10-18 08:38:00,558,"14.0"
"684",2015-10-18 08:38:00,431,"3.0"
"685",2015-10-18 08:37:00,404,"2.0"
"686",2015-10-17 14:43:00,505,"9.0"
"687",2015-10-17 14:42:00,420,"3.0"
"688",2015-10-17 14:41:00,461,"2.0"
"689",2015-10-17 14:41:00,409,"10.0"
"690",2015-10-17 06:27:00,446,"3.0"
"691",2015-10-17 06:20:00,450,"12.0"
"692",2015-10-17 06:20:00,375,"6.0"
"693",2015-10-17 06:19:00,374,"1.0"
"694",2015-10-17 06:18:00,403,"9.0"
"695",2015-10-17 06:17:00,802,"19.0"
"696",2015-10-17 06:10:00,814,"7.0"
"697",2015-10-16 13:21:00,446,"17.0"
"698",2015-10-16 13:18:00,398,"5.0"
"699",2015-10-16 13:18:00,438,"3.0"
"700",2015-10-16 13:17:00,382,"5.0"
"701",2015-10-16 12:44:00,489,"17.0"
"702",2015-10-16 09:53:00,558,"23.0"
"703",2015-10-16 09:52:00,393,"4.0"
"704",2015-10-16 09:50:00,493,"7.0"
"705",2015-10-16 09:49:00,388,"2.0"
"706",2015-10-16 09:47:00,74,"2.0"
"707",2015-10-16 09:33:00,662,"7.0"
"708",2015-10-16 09:20:00,1492,"25.0"
"709",2015-10-16 05:29:00,764,"14.0"
"710",2015-10-16 05:29:00,637,"6.0"
"711",2015-10-16 05:29:00,447,"5.0"
"712",2015-10-16 05:28:00,426,"11.0"
"713",2015-10-15 14:11:00,471,"6.0"
"714",2015-10-15 14:07:00,735,"5.0"
"715",2015-10-15 13:10:00,392,"2.0"
"716",2015-10-15 13:08:00,461,"4.0"
"717",2015-10-15 12:50:00,619,"31.0"
"718",2015-10-15 12:14:00,428,"1.0"
"719",2015-10-15 09:45:00,1447,"17.0"
"720",2015-10-15 08:31:00,514,"10.0"
"721",2015-10-15 08:29:00,396,"2.0"
"722",2015-10-15 08:28:00,398,"4.0"
"723",2015-10-15 08:25:00,411,"2.0"
"724",2015-10-15 08:22:00,392,"1.0"
"725",2015-10-14 16:17:00,411,"4.0"
"726",2015-10-14 15:54:00,500,"20.0"
"727",2015-10-14 14:27:00,461,"1.0"
"728",2015-10-14 14:18:00,432,"3.0"
"729",2015-10-14 14:11:00,415,"4.0"
"730",2015-10-14 14:00:00,688,"10.0"
"731",2015-10-14 13:53:00,509,"8.0"
"732",2015-10-14 13:37:00,445,"7.0"
"733",2015-10-14 13:22:00,1433,"35.0"
"734",2015-10-14 13:13:00,437,"5.0"
"735",2015-10-14 08:32:00,3805,"111.0"
"736",2015-10-14 07:45:00,461,"8.0"
"737",2015-10-13 17:08:00,641,"19.0"
"738",2015-10-13 16:47:00,427,"13.0"
"739",2015-10-12 17:06:00,480,"6.0"
"740",2015-10-12 14:48:00,715,"22.0"
"741",2015-10-12 12:42:00,576,"4.0"
"742",2015-10-12 10:46:00,549,"36.0"
"743",2015-10-09 13:56:00,522,"15.0"
"744",2015-10-09 13:53:00,544,"9.0"
"745",2015-10-09 09:55:00,498,"8.0"
"746",2015-10-08 15:49:00,962,"30.0"
"747",2015-10-08 13:00:00,1180,"18.0"
"748",2015-10-08 11:59:00,1830,"37.0"
"749",2015-10-07 15:51:00,794,"16.0"
"750",2015-10-07 11:08:00,666,"9.0"
"751",2015-10-07 09:53:00,1840,"16.0"
"752",2015-10-07 09:50:00,456,"0.0"
"753",2015-10-07 09:26:00,599,"10.0"
"754",2015-10-07 09:00:00,494,"3.0"
"755",2015-10-06 16:31:00,1864,"23.0"
"756",2015-10-06 14:25:00,1976,"8.0"
"757",2015-10-06 14:04:00,2174,"40.0"
"758",2015-10-06 12:42:00,484,"6.0"
"759",2015-10-06 12:23:00,517,"4.0"
"760",2015-10-06 12:12:00,445,"0.0"
"761",2015-10-06 10:49:00,1818,"9.0"
"762",2015-10-06 09:53:00,467,"2.0"
"763",2015-10-06 09:49:00,396,"0.0"
"764",2015-10-06 09:03:00,558,"11.0"
"765",2015-10-06 07:24:00,432,"1.0"
"766",2015-10-05 17:02:00,619,"22.0"
"767",2015-10-05 14:21:00,429,"0.0"
"768",2015-10-05 14:21:00,903,"6.0"
"769",2015-10-05 14:20:00,434,"5.0"
"770",2015-10-05 14:19:00,501,"10.0"
"771",2015-10-05 14:17:00,389,"5.0"
"772",2015-10-05 13:31:00,456,"10.0"
"773",2015-10-05 12:33:00,476,"8.0"
"774",2015-10-05 09:51:00,473,"3.0"
"775",2015-10-05 09:38:00,2810,"37.0"
"776",2015-10-05 09:25:00,440,"5.0"
"777",2015-10-04 20:00:00,637,"8.0"
"778",2015-10-04 20:00:00,536,"1.0"
"779",2015-10-04 20:00:00,516,"4.0"
"780",2015-10-04 13:00:00,552,"5.0"
"781",2015-10-04 13:00:00,552,"7.0"
"782",2015-10-04 13:00:00,460,"1.0"
"783",2015-10-04 07:00:00,495,"8.0"
"784",2015-10-03 20:00:00,544,"2.0"
"785",2015-10-03 13:00:00,629,"2.0"
"786",2015-10-03 13:00:00,438,"0.0"
"787",2015-10-03 13:00:00,425,"2.0"
"788",2015-10-03 08:00:00,719,"12.0"
"789",2015-10-03 08:00:00,479,"4.0"
"790",2015-10-03 07:00:00,451,"1.0"
"791",2015-10-03 07:00:00,521,"1.0"
"792",2015-10-03 07:00:00,432,"1.0"
"793",2015-10-02 22:58:00,449,"19.0"
"794",2015-10-02 20:00:00,432,"3.0"
"795",2015-10-02 20:00:00,417,"4.0"
"796",2015-10-02 20:00:00,414,"5.0"
"797",2015-10-02 14:32:00,562,"9.0"
"798",2015-10-02 14:31:00,1797,"18.0"
"799",2015-10-02 14:31:00,567,"6.0"
"800",2015-10-02 14:30:00,357,"7.0"
"801",2015-10-02 14:29:00,342,"15.0"
"802",2015-10-02 14:28:00,408,"6.0"
"803",2015-10-02 12:24:00,1546,"37.0"
"804",2015-10-01 16:33:00,478,"8.0"
"805",2015-10-01 16:23:00,515,"8.0"
"806",2015-10-01 15:48:00,461,"10.0"
"807",2015-10-01 13:40:00,536,"11.0"
"808",2015-10-01 09:18:00,503,"5.0"
"810",2015-09-30 17:59:00,458,"3.0"
"811",2015-09-30 17:57:00,448,"7.0"
"812",2015-09-30 14:34:00,472,"14.0"
"813",2015-09-30 14:06:00,544,"6.0"
"814",2015-09-29 15:00:00,1886,"10.0"
"815",2015-09-29 13:40:00,537,"13.0"
"816",2015-09-29 11:06:00,2146,"41.0"
"817",2015-09-29 09:39:00,563,"10.0"
"818",2015-09-28 16:53:00,547,"6.0"
"819",2015-09-28 16:22:00,509,"4.0"
"820",2015-09-28 16:17:00,3325,"131.0"
"821",2015-09-28 12:20:00,4194,"209.0"
"822",2015-09-28 10:17:00,831,"16.0"
"823",2015-09-28 09:49:00,544,"8.0"
"824",2015-09-28 07:38:00,74,"2.0"
"825",2015-09-28 01:14:00,761,"51.0"
"826",2015-09-27 17:36:00,1595,"118.0"
"827",2015-09-27 14:34:00,536,"3.0"
"828",2015-09-27 14:33:00,557,"3.0"
"829",2015-09-27 14:31:00,538,"14.0"
"830",2015-09-27 14:30:00,552,"29.0"
"831",2015-09-27 14:30:00,482,"24.0"
"832",2015-09-27 14:29:00,439,"5.0"
"833",2015-09-27 14:27:00,504,"6.0"
"834",2015-09-27 06:03:00,2583,"176.0"
"835",2015-09-27 06:02:00,499,"44.0"
"836",2015-09-27 05:59:00,422,"4.0"
"837",2015-09-27 05:59:00,423,"18.0"
"838",2015-09-27 05:58:00,396,"1.0"
"839",2015-09-26 19:23:00,594,"4.0"
"840",2015-09-26 19:21:00,1077,"81.0"
"841",2015-09-26 19:20:00,745,"35.0"
"842",2015-09-26 19:20:00,440,"20.0"
"843",2015-09-26 15:33:00,54,"5.0"
"844",2015-09-26 14:00:00,583,"21.0"
"845",2015-09-26 14:00:00,615,"24.0"
"846",2015-09-26 13:59:00,375,"12.0"
"847",2015-09-26 13:59:00,362,"1.0"
"848",2015-09-26 11:18:00,450,"10.0"
"849",2015-09-26 11:18:00,476,"21.0"
"850",2015-09-26 11:17:00,369,"4.0"
"851",2015-09-26 11:17:00,369,"5.0"
"852",2015-09-26 08:21:00,397,"7.0"
"853",2015-09-26 08:20:00,1831,"33.0"
"854",2015-09-26 08:20:00,363,"7.0"
"855",2015-09-26 08:19:00,338,"5.0"
"856",2015-09-26 06:11:00,7329,"201.0"
"857",2015-09-26 06:09:00,424,"10.0"
"858",2015-09-26 06:09:00,417,"22.0"
"859",2015-09-26 06:08:00,1063,"28.0"
"860",2015-09-26 06:06:00,342,"7.0"
"861",2015-09-25 16:51:00,555,"31.0"
"862",2015-09-25 16:48:00,354,"17.0"
"863",2015-09-25 16:48:00,327,"7.0"
"864",2015-09-25 16:47:00,382,"5.0"
"865",2015-09-25 14:22:00,368,"6.0"
"866",2015-09-25 14:11:00,1042,"40.0"
"867",2015-09-25 12:47:00,397,"10.0"
"868",2015-09-25 12:08:00,622,"41.0"
"869",2015-09-25 10:56:00,1147,"16.0"
"870",2015-09-25 09:46:00,459,"6.0"
"871",2015-09-25 09:14:00,420,"1.0"
"872",2015-09-25 09:14:00,527,"4.0"
"873",2015-09-25 09:13:00,397,"0.0"
"874",2015-09-25 09:12:00,431,"2.0"
"875",2015-09-25 07:25:00,491,"8.0"
"876",2015-09-25 06:00:00,404,"9.0"
"877",2015-09-25 05:50:00,470,"10.0"
"878",2015-09-25 05:45:00,659,"9.0"
"879",2015-09-25 05:34:00,442,"5.0"
"880",2015-09-25 05:33:00,533,"4.0"
"881",2015-09-25 05:33:00,707,"21.0"
"882",2015-09-25 05:32:00,372,"5.0"
"883",2015-09-24 16:36:00,1978,"29.0"
"884",2015-09-24 15:37:00,50,"1.0"
"885",2015-09-24 15:29:00,2688,"39.0"
"886",2015-09-24 15:07:00,486,"3.0"
"887",2015-09-24 15:07:00,1004,"26.0"
"888",2015-09-24 15:05:00,2941,"37.0"
"889",2015-09-24 10:25:00,494,"15.0"
"890",2015-09-24 09:29:00,476,"7.0"
"891",2015-09-24 07:44:00,408,"3.0"
"892",2015-09-24 05:24:00,418,"6.0"
"893",2015-09-24 05:23:00,450,"7.0"
"894",2015-09-24 05:23:00,458,"3.0"
"895",2015-09-24 05:22:00,1018,"25.0"
"896",2015-09-23 16:53:00,832,"43.0"
"897",2015-09-23 16:46:00,374,"3.0"
"898",2015-09-23 16:45:00,368,"4.0"
"899",2015-09-23 16:44:00,938,"11.0"
"900",2015-09-23 14:18:00,378,"4.0"
"901",2015-09-23 13:36:00,419,"5.0"
"902",2015-09-23 13:31:00,425,"1.0"
"903",2015-09-23 12:55:00,415,"1.0"
"904",2015-09-23 12:55:00,409,"1.0"
"905",2015-09-23 12:54:00,451,"6.0"
"906",2015-09-23 11:51:00,398,"5.0"
"907",2015-09-23 11:51:00,388,"1.0"
"908",2015-09-23 11:50:00,390,"1.0"
"909",2015-09-23 11:24:00,676,"9.0"
"910",2015-09-23 11:22:00,415,"5.0"
"911",2015-09-23 11:20:00,464,"9.0"
"912",2015-09-23 09:19:00,552,"10.0"
"913",2015-09-23 08:36:00,440,"2.0"
"914",2015-09-23 08:22:00,591,"10.0"
"915",2015-09-23 08:15:00,466,"8.0"
"916",2015-09-23 08:15:00,433,"1.0"
"917",2015-09-23 08:10:00,572,"8.0"
"918",2015-09-23 08:05:00,393,"4.0"
"919",2015-09-23 07:49:00,1338,"19.0"
"920",2015-09-23 07:39:00,494,"14.0"
"921",2015-09-23 05:12:00,482,"8.0"
"922",2015-09-23 05:06:00,386,"6.0"
"923",2015-09-23 05:06:00,819,"37.0"
"924",2015-09-23 05:06:00,409,"8.0"
"925",2015-09-23 05:05:00,353,"3.0"
"926",2015-09-22 15:00:00,460,"15.0"
"927",2015-09-22 14:57:00,553,"6.0"
"928",2015-09-22 13:19:00,1130,"14.0"
"929",2015-09-22 13:19:00,454,"7.0"
"930",2015-09-22 13:18:00,429,"1.0"
"931",2015-09-22 13:14:00,555,"3.0"
"932",2015-09-22 13:01:00,579,"3.0"
"933",2015-09-22 08:31:00,582,"20.0"
"934",2015-09-22 08:21:00,491,"6.0"
"935",2015-09-22 07:54:00,436,"4.0"
"936",2015-09-22 07:44:00,444,"8.0"
"937",2015-09-22 07:43:00,399,"4.0"
"938",2015-09-22 07:41:00,387,"2.0"
"939",2015-09-21 15:14:00,549,"5.0"
"940",2015-09-21 13:47:00,736,"9.0"
"941",2015-09-21 13:39:00,486,"2.0"
"942",2015-09-21 11:17:00,495,"1.0"
"943",2015-09-21 11:03:00,527,"9.0"
"944",2015-09-21 10:58:00,516,"4.0"
"945",2015-09-21 09:31:00,1433,"21.0"
"946",2015-09-21 09:04:00,4130,"61.0"
"947",2015-09-21 07:38:00,800,"19.0"
"948",2015-09-21 07:32:00,843,"10.0"
"949",2015-09-21 07:23:00,447,"3.0"
"950",2015-09-21 05:15:00,691,"11.0"
"951",2015-09-21 05:13:00,610,"5.0"
"952",2015-09-21 05:11:00,434,"1.0"
"953",2015-09-21 05:09:00,442,"6.0"
"954",2015-09-20 06:52:00,482,"6.0"
"955",2015-09-20 06:49:00,998,"11.0"
"956",2015-09-20 06:44:00,863,"11.0"
"957",2015-09-18 11:21:00,605,"10.0"
"958",2015-09-18 08:09:00,680,"10.0"
"959",2015-09-18 08:02:00,500,"7.0"
"960",2015-09-18 07:57:00,956,"13.0"
"961",2015-09-18 07:47:00,853,"33.0"
"962",2015-09-17 13:11:00,474,"2.0"
"963",2015-09-17 08:12:00,580,"15.0"
"964",2015-09-16 13:56:00,531,"10.0"
"965",2015-09-16 11:55:00,599,"14.0"
"966",2015-09-16 08:34:00,573,"4.0"
"967",2015-09-16 08:15:00,704,"19.0"
"968",2015-09-16 08:08:00,679,"7.0"
"969",2015-09-15 12:15:00,583,"4.0"
"970",2015-09-15 12:03:00,561,"8.0"
"971",2015-09-15 12:02:00,1214,"39.0"
"972",2015-09-15 11:54:00,3815,"29.0"
"973",2015-09-15 09:08:00,654,"9.0"
"974",2015-09-15 05:39:00,627,"38.0"
"975",2015-09-15 05:38:00,877,"11.0"
"976",2015-09-15 05:37:00,516,"3.0"
"977",2015-09-15 05:36:00,630,"12.0"
"978",2015-09-14 14:53:00,499,"3.0"
"979",2015-09-14 14:33:00,536,"18.0"
"980",2015-09-14 14:32:00,590,"30.0"
"981",2015-09-14 14:30:00,1105,"8.0"
"982",2015-09-14 14:29:00,947,"15.0"
"983",2015-09-14 13:41:00,614,"5.0"
"984",2015-09-14 12:57:00,525,"24.0"
"985",2015-09-14 12:33:00,583,"7.0"
"986",2015-09-14 12:31:00,511,"15.0"
"987",2015-09-14 11:22:00,533,"13.0"
"988",2015-09-14 11:11:00,491,"7.0"
"989",2015-09-14 11:05:00,499,"6.0"
"990",2015-09-14 09:23:00,464,"5.0"
"991",2015-09-14 08:46:00,872,"5.0"
"992",2015-09-11 15:57:00,976,"22.0"
"993",2015-09-11 11:43:00,462,"1.0"
"994",2015-09-11 11:27:00,927,"11.0"
"995",2015-09-10 21:37:00,111,"3.0"
"996",2015-09-10 10:29:00,617,"2.0"
"997",2015-09-09 15:45:00,496,"8.0"
"998",2015-09-09 10:29:00,794,"9.0"
"999",2015-09-09 10:09:00,841,"15.0"
"1000",2015-09-08 17:03:00,838,"7.0"
"1001",2015-09-08 13:12:00,570,"4.0"
"1002",2015-09-07 16:16:00,570,"7.0"
"1003",2015-09-07 16:08:00,533,"3.0"
"1004",2015-09-07 15:55:00,521,"18.0"
"1005",2015-09-07 09:44:00,596,"1.0"
"1006",2015-09-04 13:59:00,560,"5.0"
"1007",2015-09-04 13:55:00,491,"1.0"
"1008",2015-09-04 13:46:00,542,"2.0"
"1009",2015-09-04 10:28:00,523,"5.0"
"1010",2015-09-04 08:13:00,729,"13.0"
"1011",2015-09-04 08:11:00,574,"19.0"
"1012",2015-09-03 13:58:00,592,"3.0"
"1013",2015-09-03 13:54:00,516,"3.0"
"1014",2015-09-03 13:37:00,670,"17.0"
"1015",2015-09-03 13:26:00,648,"18.0"
"1016",2015-09-03 12:28:00,592,"5.0"
"1017",2015-09-03 12:23:00,583,"7.0"
"1018",2015-09-02 14:37:00,568,"8.0"
"1019",2015-09-02 13:55:00,492,"2.0"
"1020",2015-09-02 12:47:00,676,"7.0"
"1021",2015-09-02 12:44:00,700,"12.0"
"1022",2015-09-02 09:38:00,538,"1.0"
"1023",2015-09-02 07:15:00,987,"26.0"
"1024",2015-09-02 06:59:00,755,"14.0"
"1025",2015-09-01 20:48:00,446,"3.0"
"1026",2015-09-01 14:35:00,723,"10.0"
"1027",2015-09-01 09:52:00,548,"10.0"
"1028",2015-09-01 06:59:00,659,"8.0"
"1029",2015-09-01 06:54:00,581,"10.0"
